user_address,itemID,amount
0x001Daa61Eaa241A8D89607194FC3b1184dcB9B4C,0,1
0x005FbBABD1e619324011d3312CF6166921A294aF,1,1
0x00EE80c322D6e956D2629a73223605bBda946F2d,2,1
0x00FDBb477d1cD363C333eaC93FE7Eb0397Acd470,3,1
0x012430f934BC381d9F59a28EA34363bCE170353D,4,1
0x012de6DFCf416c3127BaE4366dA565118098AD44,6,1
0x01985690D95d15aB17F26BBA1A466703EA4367B3,0,1
0x021d5ABEA6EFbcD5dBa2C8Ae9237471448Ea0856,1,1
0x029a3D224e8C5DAf8D5126f35502D7AeCd23FB02,2,1
0x02aD96441975DB106D7B5C47F7Fa0fA84a4fcbd8,3,1
0x02AEe0CE756fa0157294Ff3Ff48c1Dd02ADCCF04,4,1
0x02B93521b9f0E3F9b768522b2d30D54c0e5DF3b8,6,1
0x02Fb763A0454a54B3ffd02427f54340B42FE8e7c,0,1
0x034961ef5fD3f25dbb91440AD3CE0a119e875847,1,1
0x037EdEE599040dAD55532CC385A8a974D01466d3,2,1
0x038F77Ab71FC40949eEa81aa65B471C6a3F1A02d,3,1
0x03b16Ab6e23BdBeEAB719d8e4C49D63674876253,4,1
0x04F21709FFf6A0857f4a19dfa8a8548D2D9CCfF9,6,1
0x05070F1b87F8a8828EB596Be7cA64aE787341996,0,1
0x05AFd51e3f61e735CCa2F3B95d26B3e320fC5806,1,1
0x0628C084F4b72c1297e96C7005F309ae89F982A6,2,1
0x062988B1f197f10367179302722Eddcbc8280fbb,3,1
0x063fD26d4B3a91786A9E74DE2419AA9e2AD13f18,4,1
0x06dB742e5b1Ef2926609F54d1E078278a6Ae69E0,6,1
0x071D217637b6322a7faaC6895a9EB00e529D3424,0,1
0x0725Faf58E743002FF5869754B71032D3E88AA02,1,1
0x07494EFB9fc623b74B31714192826c70EbA7423f,2,1
0x079051E15b87DdE727E02146EfFfb63d3F974BCC,3,1
0x08aB4E5199A5E8bD9575bBa899A9561a7cfE8fd6,4,1
0x09226EAc6c5Ebc4340A2bFf802a8be4DFDdfD577,6,1
0x0963A32A55e64315a1120cC1DEA4E68F955032c0,0,1
0x0a38C3a976B169574bD16412b654c1Ee0DB92e1B,1,1
0x0a79f6E8E031c973Cb5960EC251A24070C4D40aC,2,1
0x0a9a893ed9e173b3298C8022E959eC6691673145,3,1
0x0Ac965D10D59D199eF61B821894B4491849a7614,4,1
0x0b31e9737FeE75157A9aA775e35a43dEc1dc2059,6,1
0x0B431F91c54C303AE29E4023A70da6caDEB0D387,0,1
0x0b81747F504dFC906A215e301d8b8aD82E44CBd2,1,1
0x0b8984A7C48c6Bd514Bb1D60afA80cc91BD8CD37,2,1
0x0b9439d58274578eE2e011a09f2E110134Ce914E,3,1
0x0Ba79272CAfaa38a102F5800B5B9a9668E3D728a,4,1
0x0BcDc503f78BFf5Dc7B867C6740226d9621117b1,6,1
0x0c404F55595ab844D519a084fF1B8cB36AAAD1d1,0,1
0x0D585501BAc93eE005878a4bD5bBA37695d9c8dB,1,1
0x0Db5E7924d87d2EC27876882E7af911A58050Dd1,2,1
0x0dF670Ef3228416D1249aB7A9B32D683444A8565,3,1
0x0e0889A8F18C1319B2f8e22AEc2F4Bbe8Fc422A0,4,1
0x0eAD3324B97fF3BF34eD31030577a88c75a6967a,6,1
0x0EcBfD557cC65600467149654c1EA4aDe46E8996,0,1
0x0EEEfF44E8F65Db5Cc841E3A3d591499B74f85e6,1,1
0x0f230A1645b2146Ab0bFEb3cF9259A12Cf317BC6,2,1
0x0f71868c35b71543BF792e9063d9f7A546ADdc63,3,1
0x0fdc92EBd7541760d363FE4a0b305Ec0f63B701B,4,1
0x101aDDC07D63a6B35B199153252168aB9889Dca1,6,1
0x102aB515ce25Cd8702c67C9B94FE91f2DD188B63,0,1
0x10604BE9723C0721ed82eCcE49ce68FF0Fc26227,1,1
0x10625713541f8192d0cD2637AB0808b77A3aa321,2,1
0x10B989914A478Ed7DE2d2C4CC4e835bbd3de229b,3,1
0x10bFc18F848AdB42fe95e330111622D949743177,4,1
0x10Db4a7fbf868edC35ceb14Dc3eb0c9654CB1566,6,1
0x115Df6F4f46C6DC5118717eBc5D94197182BD1b4,0,1
0x11759e87c988708A20FFD1F7AC0BEb297044aebB,1,1
0x11b5c7736e7f7AFDbE0E81E02dE457E185b7e04d,2,1
0x11C7Ab8FB48077eC098B7eEbb0781397D875236c,3,1
0x124e64C9Ed898d4A8B130F6ACb76b33E21CD711c,4,1
0x1279a8132C775edE3e738cc2A753fFe47d009353,6,1
0x128a5577Dc4d91Fe23bfe81e0D7216B366d61c97,0,1
0x1319eC59fA947D9142818c22c52EEf30aFcdA036,1,1
0x137c0F7d6b2558eDF5B8f69eEc0635Dd43FAd6af,2,1
0x1446e8F97318D7115483dfe09A43C2614B2E995D,3,1
0x150b0739Dc79B74E60fFccf4031F29d14e2B62Bc,4,1
0x150B22Ecc421A949286662E5C689d2CeE8b481e5,6,1
0x151EaaA48bbD08B7Cc37B52216Cf54f54c41b24b,0,1
0x155f6bB5FC06dEaa5c4a1Dd590Fb9Af39641E2E8,1,1
0x15c66939C94bE8F288d527d93e121Cac79B65C4D,2,1
0x160FBD013C8821403F9f5F6868B6F50cDa050Be3,3,1
0x16b43C4554ff4C573883ABe579c40bC37dA517d9,4,1
0x16Bc93428d68b05158c5F80feE4234b6f0a1A336,6,1
0x1745296F22889ABcFFF04f041621d880d3417633,0,1
0x17a3831B39cc557296d0C322f9C2D42C0b3A8F3f,1,1
0x17d9F8caA94825Aa5318a70c000e2C27E0054076,2,1
0x17e1CD75Bd1F838821C4Db32dAba018d17382fe3,3,1
0x1863AcbF4f98BeC1DF245f6770A1166E804Ce79B,4,1
0x187b52537873CEbF50B08D2bffa5F45029AA8FA6,6,1
0x18Ef89B3f06DdFA0cA1a255FD0c1569cCBA8a311,0,1
0x192c877620A71722fb88544BE4A2658d01Da150f,1,1
0x195dBd4b988ad2F9f64fa1b9517CbdBad65C2032,2,1
0x197C8D4961b0022045df25e5E05234f4fA049BB1,3,1
0x198deE81178D08206dC6C05d9Df63659bB5A1c04,4,1
0x19BE37C696EA23cb65cc89EbbBd908D8b834ACcE,6,1
0x19e02B992c0295D27eeCfF941D5DBFAF85409D86,0,1
0x19e900F9eE644b19c566CF4351d15E763768140e,1,1
0x1A09978CEF8bb8d0325a058D7EAbC0B77f9C396A,2,1
0x1a148a2E2a61d3FcEaF58f1E2Ad7f8E819B1833D,3,1
0x1A19b1B9E5A7031D8B04807ED259dce00B9bC56b,4,1
0x1A518A3E674A76324058822CA5D8688cFfC5033b,6,1
0x1A760e3A431c8B9C075eD1280C8835a1a0F1651b,5,1
0x1AB1f8b67a0a1C2179bE6cEB70f10c77D2630204,0,1
0x1AD3d72e54Fb0eB46e87F82f77B284FC8a66b16C,1,1
0x1b0fA1cf40d1Cf1bbe8476d3B096b4A877570CF4,2,1
0x1Bfcac086A9432553bb8dDA8b6cF898717eA573C,3,1
0x1c097a37E652051BBf3D7A05Ad11760242050712,4,1
0x1C190aea1409aC9036ED45E829de2018002Ac3D7,6,1
0x1C1e5933c281615AA81F03b5293e0bEB007C3525,0,1
0x1c4CE1c0912784Fe53B25D5CbBE015C0Acf63af3,1,1
0x1cD2fe6329c7338aD1147cEe905D07e67A653dB7,2,1
0x1d4ddCB0E96d99f417919Bc9c94b8348Dc837A32,3,1
0x1Da5407A15e082E5f538E1C9F1BF3Dcf812D1e15,4,1
0x1Dd4EFE74FcA31B561ba101647FfFe4654D89ce8,6,1
0x1DeD3c31Ec30a1C651c7D1ECA0f7DB3ad76d15EF,0,1
0x1dEe258F3cE3C349CFb380e8040Eb632937668eB,1,1
0x1DF2140dDD1e842Cac492d989d05a7b118e0645E,2,1
0x1dfE84006E78806AeF05F16a2CF6394767Dd4631,3,1
0x1e25AF449AF3A8a37B66367869ca7002036E98BA,4,1
0x1E6127D4716c3AC3b3a2B005631c1C541C13D120,6,1
0x1E9fb5428855064B5C38E3Ae96Cc9878c573eD53,0,1
0x1EB8c9190dE1f94cE3cb9EA94300058c249ad5b5,1,1
0x1EcDe92e6437baBE983B272cAf9Fdc32285C4F68,2,1
0x1eE492E83739EFf40eBcA92fDF09404619E80D81,3,1
0x1f17E5E7796B0D0F69a8e57A200Aaa94aFfb81A1,4,1
0x1f6bAdb8cFe26Ae190b3808d3cE04A136A51AF38,6,1
0x1f9ad14dE2590813D0788526B22EF112df7286D7,0,1
0x1fD7372cBD476d3ACff7EFCDb923cf51deCAD2C7,1,1
0x1Fde40a4046Eda0cA0539Dd6c77ABF8933B94260,2,1
0x1fF7f02C41f85f447E2056D99e2A6F45003553B9,3,1
0x2016269710657c631ea76E400cc1438434Ed06e4,4,1
0x203852c828085DFa7F9CeDc640a9e2D49624B5ff,6,1
0x203E487561135682397E48aB2973B2d3C28c4633,0,1
0x204747A864c08644151c7052fA9afD0769eDd734,1,1
0x20a7854A37D095cffc69c075Bf133015FC5493Cb,2,1
0x20eC02894D748C59c01B6bF08FE283D7bB75A5d2,3,1
0x20Ee31efB8e96d346CeB065b993494D136368E96,4,1
0x20ff7e19c8Ff23109EB1661Df3b3c4f36DDAdF1F,6,1
0x212eE696b7a7f335E6EF926E50b1264aB63215E9,0,1
0x21526BF0d8A69fCD31ee184542Ad6A97a18dc67F,1,1
0x21aF9f4967BcdEB04b2664b6204410486dE55621,2,1
0x2245bE89Fc8faB94ed982e859Aa3212A4e4eB7e5,3,1
0x22CAb81E0FEe2bad5b015DbBEB6A374A1B8738de,4,1
0x22F3ce997f69dBcD698Abca45Ea3164ae91Fd615,6,1
0x23352719E0992eCadf8C38edFDE4b0f4be37Ff8D,0,1
0x234A14fDdcc2e533156B5a636db9a071d54e9Baf,1,1
0x23690d5BE941fdf2573Fad8cFEC3FDEf26805f9a,2,1
0x23abad8C65a9a93Abcc343892aaf3d6E88B5CCc9,3,1
0x23c14E77e980e8D90851c72678ec5f4255aF7874,4,1
0x23DA2170079C9D9091903cc2819145A0A35B7B74,6,1
0x240382119541E2E302e80a6dA4aff50D9Bd4B3B8,0,1
0x244840E57688E02568DEd14b1A0A75bEE354Fb45,1,1
0x244FE02FBCf4dB4Ad96063B161F00e444FC54011,2,1
0x246c407b07080bAC4A03AA82718D4bBD37f22675,3,1
0x246d8eF4AC5A479e8229BCb9F32d03e574899573,4,1
0x24844583223e067C37319a7073e4843a12fb8AEE,6,1
0x25563a57A33380CcB5654aEdd4bf72d66936BdAB,0,1
0x2558EAaB5B7A20de5a9877780F901Dd3367c9D32,1,1
0x257AeDf255B9779c750Eb4497E52F0f551506617,2,1
0x257b5A6b4e777b14B00C31F5e3874a5fA1c4145b,3,1
0x25d5C9DbC1E12163B973261A08739927E4F72BA8,4,1
0x25f9544295b1D4C665320BD8e31c5545faC0a837,6,1
0x260f01D64386A9Fa3Edb72FA51C0Fd6E5500d452,0,1
0x262841ebaAb4bfaFE4B0468daC525010Da985a39,1,1
0x262944448Ec574dd5f82136964BbF189CC1AB579,2,1
0x2629de54a2b7ed0164b896c273bec77a78819a9b,3,1
0x265B81d155673c607cF86c335EE5779Eaee89Ff4,4,1
0x269e07Eac18b3681F3447263C28A766457Ff074B,6,1
0x26a0D17f741F5FbA809E45a2Ad1e68b19550fCbe,0,1
0x26dC2d248DfeF4302B50f245599B3215bEfEB509,1,1
0x27009520FD9974f2815a611D5943e4d4b0495BEF,2,1
0x271E77a60d2A45C7089C504418BB1486694bc1a1,3,1
0x2722410E27B1e0990DFBD3C3776b435f8Dcb53f0,4,1
0x27870D9df3Ff6f75966b1590753F54FbAdBA24e7,6,1
0x279A3fdbD6d6252Afc5C422439C7D7859a51a05E,0,1
0x283b2bFa0a1e96464cdDB3c04Ba54197c9B129e7,1,1
0x2848b9f2D4FaEBaA4838c41071684c70688B455d,2,1
0x287734A403Fa2B3DB2766E0bC61DC2f91cD59C11,3,1
0x287B635A6b1007b39a5C8561bE5A56899aaaa7c4,4,1
0x28822e61aDc850DA5674D839DcfdccC8656b2459,6,1
0x289C44AB3F461127AF1F04FC80f8B54Fc3fF7316,0,1
0x28d1D4eFb873764C36eD2be7eb26910D0cA7e9B5,1,1
0x290e50BEeA6C6dC95e0069578E311a48Cb4aFbd3,2,1
0x2949764C330a13a00b3B49DD36b1943908d04E09,3,1
0x297431c8735C781cb741e9F2aB9B936971682455,4,1
0x29746c9D6B317c6df26Ac1751D6cB03A55C1b8d5,6,1
0x297E3e1b23CdF212d93885CdeA78fAD626b31cb7,0,1
0x2a08fEcB8AC932cb7d3f6A3A0e434a4B9968DD56,1,1
0x2b29518e5ac3eda4CfC138FacD6f023bffc5d65a,2,1
0x2b43409B947cc454F722A52f3De74E74e774CF1b,3,1
0x2BaA097350BE5248D633BA37e1e47D2720E5Da47,4,1
0x2bD7716Ce2c43B9c0D58982F5BAC67633bf2E7dC,6,1
0x2bE69641FD88db634E9D9083D7235203280B1324,0,1
0x2Bf034ecCEbc8CD60Dab9c249b6c2996Dcb7D8EC,1,1
0x2c123fc5C27888571CD525e8ae9b0c5ff848386D,2,1
0x2c5C5db1847a96d879b6244cce9320508Bf0A61b,3,1
0x2Cd697062a0A37533e21D097eB443d68CfA0AcD6,4,1
0x2CE86016F2E87F21dC990F88520AFA8e68DeE366,6,1
0x2D11464F835e98888D18F0768E8fFAC7365a49ee,5,1
0x2D5B86cdc4947567e69E2b3cc82C1b6604a87DeD,0,1
0x2D5E03D9064A55B96d34290a176656398dF91379,1,1
0x2dc8C2eC64A5dfF670Bc4AD3aB2cA6Cf0b09a13e,2,1
0x2ED448A4F1Ff4f526C06d0aE03e29d01C0774619,3,1
0x2F1FAdc9AAe4F2C0be2320ff701A787Baf644432,4,1
0x2F3045cE8F70757E5CBad58215134AEdaF2e4Ca4,6,1
0x2fcc7A592fF945F839aAbe1cBF751B28A18099fA,0,1
0x300010ded7B789Ab5764BB52ddE82edD6D29908d,1,1
0x303EeFeDeE1bA8e5d507a55465d946B2fea18583,2,1
0x303f68639795A93778a205b8c050bd1D1136Cb95,3,1
0x3074363A32E3937A1f1623Ed4556c06d6a4184B8,4,1
0x3090a822B18c1DAe8f7E4Fc5c87cfd7b64992A5f,6,1
0x30e5ff05F3Ff69211cAF3e9334A7498586e56ca7,0,1
0x3102631E3d6428C0AF31D5B05FF500B46edac5C1,1,1
0x3129323643D74733DDBcBbf3e2a3c1E4bf59d9b5,2,1
0x31522b9a27C08e20781B2e82190DB8D34cED6071,3,1
0x31965FD692e2caC13C31e405Bdad0356f22fe4B7,4,1
0x31a33AEA9440604B761E46809809807395ca11cA,6,1
0x31b3DB5412fbB08F8C1038f3C6b8DEBa73EF01Ce,0,1
0x3285bf2A8c9248a135e9D13d8DDbC7679aaC0AA1,1,1
0x333FFBDF76A0dcE3c40EF58B2e5fC57893dCABC0,2,1
0x33f572D61ca18A6C5cB8B0f7eB09E2253F415A55,3,1
0x345055f13896bfb3eE0402BD93f8A62B531b4fed,4,1
0x34Bb4bF289D9f78bf845b09DCE46019aC005Da1a,6,1
0x34C1116678B62fD7ca548EeA729D60ab1A566B39,0,1
0x34EC9c1D89cE8Afa701D079FD908FcA95f49667a,1,1
0x34EE160D57C7C14D018B6F751fAfd1060b560dB6,2,1
0x35001A8Bdb3a224D05F086094c12fd4c9009986D,3,1
0x35D65B520981f67b1608874280db31c56eE9Bbc6,4,1
0x362cf0C258973d56f5A3C04671b1579E11c2B0c5,6,1
0x36376646e7E1BF27729c70a549E99B21A1E39fcd,0,1
0x3656460E9bEC3E98451Df75ce8F6cC6E1dff9BB7,1,1
0x36cfA6929dEeaEb66E4C82e3E624721E70d20B13,2,1
0x3714885d322EC50e4750094AAC3f5F7e3fB8F32f,3,1
0x3736FEe5bf6846cada256C7b66E3Fa403EBE999E,4,1
0x373C52A766D5b71d68064AdDf18C7A25c2aFE6b6,6,1
0x373D33De8A6eD1292Da72672C0fF1008FB5f06E3,0,1
0x3742f0fD8fcE40411c450E74D270D4D5Faaf92Fd,1,1
0x375F121Efb6Ba714008056Ca48c7fcF375F3b883,2,1
0x377dD56EfF0650f0649B57281d3aE7926f572fa1,3,1
0x37c29248E95c47Ff3294acBe1f2E996E09Fcc43a,4,1
0x37f4FD8F9d1973D2157D169854c73f9a77376C6B,6,1
0x382Ae54DEa67A529B88A8180F94707E9b0741ab3,0,1
0x384F69c1846c4BC74ABe4db51B7f57dc35D6894c,1,1
0x385a1FcB1Dc853e2704263d5d4d3243C2faBDEb0,2,1
0x38798bfB6016beEeae2b12ed1f7bA2c9bb49334f,3,1
0x38a130Be95FfeB5EB6269D4459E369A9c7092CC2,4,1
0x38Acf53102aD205c538E6F0e14B9A2734AC23789,6,1
0x39001877121f282464112926294459638214E7bd,0,1
0x3929D8e8e6B983E36E612d2d39EB0AB49b496CF9,1,1
0x395F23D33e981D6E1B5930571955C7358B3a14e8,2,1
0x3966274403Fb2B71F4A45CF224Ba79581bD850a3,3,1
0x398008A4Ee0232f4433c95fba296F77F2F9b8e12,4,1
0x39DEfd91862B2764072e972cb6863ef3496d5a87,6,1
0x3a120FDd1260422Fc76cB5c7E9b5E6F292c96b56,0,1
0x3a72cf49520F007649Cf8f7B42Ef1B36A0Def65c,1,1
0x3a79bF3555F33f2adCac02da1c4a0A0163F666ce,2,1
0x3aAbC694608EdDC24Cc93aBad0998171C8d4B8e5,3,1
0x3ae0e9a6b67a9ca5cf2f42a0B3266B2098D399Ab,4,1
0x3af4Bbc180ECaA0be3b864089DbdBB17a3d757Ee,6,1
0x3Af4de487374dB4c826b77e6E1D29EFc1f8406BB,0,1
0x3B3120e283C08dAaBB5e3f240E008387ef8A67db,1,1
0x3b3bd10c21933bAf37ACc082C59298DeA2915F1e,2,1
0x3b8Bc31C46Af259fE3a69C39C2Ab55DE56676D36,3,1
0x3ba960aEb77B01476cFEf7838b40AA9016B0E3C5,4,1
0x3BBF5B5e873543dc90bCaEe9BC98bd8CcD06e60f,6,1
0x3c2262255793f2b4629F7b9A2D57cE78f7842A8d,0,1
0x3C5DD8E2dC893205D12A4dD037265187616D6C20,1,1
0x3C7d5bB537AbAe440e0Abe552342F422a4B1e6c1,2,1
0x3c803a58e42d5E78475b185dc9B055Df16E86c6E,3,1
0x3c865BCad9c26a1E24f15a7881e2d09400F51812,4,1
0x3C8C168c2C039CAb29493708F09105b43F7BaeA2,6,1
0x3CBf11AD86508B634f320b820358852a677F6a32,0,1
0x3cE3a5Df8Af7c9AA5896183CC9043Bfe954899BC,1,1
0x3d8FA9E452681172B961f1c6c216F1d52ce76555,2,1
0x3Da976a3650f9143C40e3E19a6328a4f6aB28B5B,3,1
0x3E3182C3D043D2882f834D093ec2FD2B887749A9,4,1
0x3E9c2Ee838072b370567efC2DF27602d776B341c,6,1
0x3EcFBA75d5a113241ec899888319A9e1E456EE9A,0,1
0x3f2bae8C1812078cBBca88B03f67937d8D829C04,1,1
0x3f4cd01B7d4a02FE283db00CC4417fc1084f3E82,2,1
0x3f54541440E9Ff68425a3E8fC1cAEcD77909ED2f,3,1
0x3f7204459f4b67a55c27Ff09803657A08F4c9858,4,1
0x3fF5b8dAe8273303Cb85663c054A75f887cCe294,6,1
0x405BF73F7Ee055A50Ea968373147AF3B27288726,0,1
0x4083FE56Ed8e2784CD720ec6851a01E7e931076b,1,1
0x409ceB81bb143A400b02445CA273B37720B7665e,2,1
0x40B2154ABE733b149546AEde33660369C60eB636,3,1
0x40B71AE374d368e504Eaeb0524D93D19386497AD,4,1
0x40CF6bb888ca670e20139b1caA0BA0996f65371c,6,1
0x4117F0dB169B126a44fCa628De4223c264AD6F19,0,1
0x4176D5d5813Bb33f1761dbEF41107Ec1728062f6,1,1
0x4177a5c0E2369F6830A4c3825aFc8fB3Dd47790D,2,1
0x419044327EeB77dDBFB01aAcf381Fe29ed330ea9,3,1
0x419614FbF315cb564C9B6747a84EC21462ADb5BF,4,1
0x41A66FDf2BEb377ee6B3906292B4739e8e7b7ee1,6,1
0x423B79485DFE88C0Ae0c418354E351C54b4d3712,5,1
0x424e29FE90Fa59df7d3d53dE2FF16d776A910330,0,1
0x4296b7bc7e3Be776C247B064BDDd10be7216F8a2,1,1
0x4332BCFc3a8dF8B89b8ca524068051c8C3bd2C7E,2,1
0x4356d2DBdA52Db757597f12BfF766Aa90D48c7E8,3,1
0x436bb9e1f02c9ca7164afb5753c03c071430216d,4,1
0x439966C8314bbaA4B0441c1a6063d9321C94B1b2,6,1
0x43Aae482Cc90FC5f094dfe21A8Bf262998D51d16,0,1
0x43FF4C088df0A425d1a519D3030A1a3DFff05CfD,1,1
0x445ba6f9f553872fa9cdc14f5c0639365b39c140,2,1
0x446d62cD72abed64C21C8cC2ec05a102332073CE,3,1
0x44A8dDa9608FE15255F7EEda23cd53D1CeFe1445,4,1
0x44d2ba8Bf6B5fa5e7055Ec08Ec19aC70aD68E99e,6,1
0x451248229712D6F207ff9466d8D3A33CB59d103c,0,1
0x4514876EBC902FD223a132ce737cac086bD7F360,1,1
0x45a4Ec66624A1F41a60C10720c44a807279F11aF,2,1
0x45C8D31E85C1C4FfD0Ac8C106dA692504D1f4a1c,3,1
0x466f1f536540E527500F85c592f20B63e59709CE,4,1
0x4678CB6580b20bD4340FB5269e91af3E921180d8,6,1
0x474416416D92A1Cd9377A77E05dE3da4B98F1D6e,0,1
0x478fa4C971a077038B4Fc5C172c3Af5552224ccc,1,1
0x47C932e74d1bCC4614707640D4ABdCf4aC88572B,2,1
0x47D6F96Ba098816389DB7c87CBF077dE7181b853,3,1
0x481d0B05e9721b234fA495B2B261Ba5FBdc975B0,4,1
0x4860cA9aC44C08d9feD68Fdc36D126b519E58e34,6,1
0x487b4705D624B1EcbDc490fA0d645b7421E7c8A4,0,1
0x48826e6Ce6C8709E2c08F7Fa961F613A9C1DeB87,1,1
0x48B5Dd106136D7efFC929190016b3c890C377547,2,1
0x48c2Be95CC55Bff8011E818fF697708766afb714,3,1
0x48eF42Ee617FbE81e6FCeB8f8b26265BE74F0D02,4,1
0x4939869876FE065fFD353ba8702f0cF8745f1838,6,1
0x493d631675711d17D1437195d7291d1ab697E7B5,0,1
0x497D32a3f4e9A4aced0a485c905A167B0517fE0D,1,1
0x49848C2eaba520DC3FE7f214f11A233B6d605ef4,2,1
0x49966Ce3d059F89D1E92389E53a618A13B491e5a,3,1
0x49Fb7c5dcD4d2E7C2D56428570Aa700b3963c5Bf,4,1
0x4a6f00fd13e2695A3F056510DEF18F17d03C9b0C,6,1
0x4a7E790E45E204541fE878E0394F5eBedEE7a1c8,0,1
0x4AdA1B9D9fe28aBd9585f58cfEeD2169A39e1c6b,1,1
0x4B0182C7E25011133F47Bc1e9C85dFedf0Ae544c,2,1
0x4b1cf480B3E29fBC831c4E8F076dC2dA71d2c626,3,1
0x4b6DF47F6F5069580188984C8BedB189Af286d5A,4,1
0x4b6F278bE7F7aB371d7dAA52997B458Ca90CcFFa,6,1
0x4c079e1f95F2d0c8b096b7Fe823aCb4CEac5447D,0,1
0x4C9929111d9E9f8c399c07D7553a1c96B9830418,1,1
0x4d069fD1E96D5fF890BE0e00A801AE0Afcb4Dafb,2,1
0x4D081Ef24b4f73D33Ad620977cCDb9d4715E9B93,3,1
0x4dAE5b5bf3dC068BDFEC47b8B402AFf28fe6707F,4,1
0x4dca8Ff98248A28A98719232F07083510C20d75b,6,1
0x4DfAA67a654b53649661D926972eC7fAc049aaB1,0,1
0x4e2131E0A3D6BEd62C994FfFAaDfC4c23fd91eC6,1,1
0x4e5Ae53112305EA8A7b1603a07BE5d72453A4115,2,1
0x4E61e887c28F0720e54529CfBF8F204cC6A408b9,3,1
0x4E7bf3694962fC482a16D60FD78f99db9C4C52B0,4,1
0x4eb172821B5bC013269c4F6f6204F092D44197EC,6,1
0x4eDb4161D16c89b71Aec027930a943c3d4cf0777,0,1
0x4EF1a210A74Fdfd9cc7507924e918B0F5c392B24,1,1
0x4EFb7432e5301602e75d674351957859e0e03118,2,1
0x4f2Cfb945e017F2f76d9b2cBe9f9c3cf1795e4A1,3,1
0x4F40A1dF071CB1e5A3532fc14b60b6a5d4BB27b9,4,1
0x4fa8e8bEf04b0b072Cb10Ba8E18D9b4dD580d75a,6,1
0x501ffc7Ee44f7986c24FB5bf7C04c1ED6377ec87,0,1
0x505d867c40931Bf56393F23CFA766fff8FA406e3,1,1
0x50F27CdB650879A41fb07038bF2B818845c20e17,2,1
0x50F34762b895Ec5946352BAbFfFb747D38EEBDCC,3,1
0x50f461F471e7dCe973e27f0e319eBe868135D764,4,1
0x5119BD57a8dB35AC8A974b8088b1DC2d89f3bB03,6,1
0x51208e5cC9215c6360210C48F81C8270637a5218,0,1
0x5173b8EA30cbCfFa8e049B762f2D1a92c21b02C9,1,1
0x51776851984706850A9a62BA83d0a2BD8E5137Bd,2,1
0x518a8463FFFf4435431d889E507Fa1a9E1c34502,3,1
0x51E7b8564F50ec4ad91877e39274bdA7E6eb880A,4,1
0x51ecB5626EE70CaF4B5E3235DCc4a40764675244,6,1
0x5208D1C67B97f12b5E99b56218e70F5D2f5a871A,0,1
0x5221e806fA453544D06c40bB8F07f51Eb5253210,1,1
0x52354410cFe679e2B2802Bd51e99D1674d2F6c48,2,1
0x5247e36f8598b7CB933D34dcd8aE99BFA5A3bF4D,3,1
0x526C66a668504E0cc2BAf7C8570B02Dc0cd68378,4,1
0x52D952ECAc66aF7517276F3f3dDc2adE3e66b430,6,1
0x53016f2500a2efc5171697752EEC1162bceDf181,0,1
0x5398E19974d6d3f5D3f2fb4d8aD96e5860E75fE9,1,1
0x53a987ecbd7C756743711E1ED9aaB70920c0Ba28,2,1
0x53aA7EC5EC6cC150fe6cdcF0fddEc50e1F4873C6,3,1
0x543b65d285d708B6f23d667a0Cc554fb22b458d7,4,1
0x547c0dbd2FC303c8e97475Ec072A58DE60EC134a,6,1
0x549E38B0aEC4af720f2a655eDFA07B8Bc5294a70,0,1
0x54a047f2d3541BFc5d14fA491Bb64f96DBf31EC3,1,1
0x5520DA35fAaDfe2185347006DAC50517E2DffC7b,2,1
0x557bAdbC8c772d3FF055C905181759c8C82aBc34,3,1
0x557d54845CbF495DEDE393790132cA23d351E524,4,1
0x55A1438b4b666c4359909aC902C41be09C3b821a,6,1
0x563d132C12C4B778B7669e1432E812548bf023d0,0,1
0x563d27DD2E9F36157c658501222A7CB23f690c28,1,1
0x565C32dA4e5f3c750E2b9B46ec296bdE845F16e8,2,1
0x56f6bf6B793713C050Fd02147a45b563Bb4D8eFa,3,1
0x56fdcb583EB13B41A0F74b1dE8e33c2660C6F81e,4,1
0x5761Ac2E1CB06cC3F8e1DD7E40B358BB35558dEF,6,1
0x57D23a76582F30B09106cED93efecf2EF718E187,5,1
0x57F8Ec4935e6726Af1C8177568cEB02d5f46a9d4,0,1
0x5812602b6427e3dae54dF18188bD78e428Ca9184,1,1
0x58B5518262fCC2998B097656E6F01a759ffD7B9A,2,1
0x58bABcd845405c1A4Cb4f6f382954c87a2f0aD0F,3,1
0x58f64205B9b9bED0A3B89e6d55bD69269bCeF829,4,1
0x593509e9B78C62eFD0ee6B18B128F30A53c11FeC,6,1
0x59480D300aD462d72988e47b42CFCEF6db6E2251,0,1
0x5995B2E0e34eD7f971c47B529ea3ECc7E69218d7,1,1
0x59c3D7966837E8C6B96251b6Ea0eF2cD4b17015C,2,1
0x59E9F8f07F9D339C48c8521af341A1A2337a9E22,3,1
0x59Eb7D68ed3a2441B1D75d679D628046DfDB34EA,4,1
0x59f067Ee80B2Bf8a6C87337A9B73cB1495898D07,6,1
0x59f515aCCF4DEb1C7b299C034B6aE590e682B617,0,1
0x5a756d9C7cAA740E0342f755fa8Ad32e6F83726b,1,1
0x5aA0820eA5d4bFb7197d1dcca2bDE940A122DDF7,2,1
0x5AA59e166E4405C05ABF85AD44A8ED84A1d51a06,3,1
0x5af539d741db8a4F9a7bF4c37A20A4D8A4eb6568,4,1
0x5b214DBc33776E3457FE67eEF864D9d014d00028,6,1
0x5B8687f15C3eDBa87551787e2C7f68931F8f9074,0,1
0x5bb64978e5436bFb4fE6995b87c9DE8979Ac52A1,1,1
0x5C1De9ce04dC35d8A2d2AB821840319F03a5e291,2,1
0x5C5A4AE893c4232A050b01a84E193e107Dd80CA2,3,1
0x5C63b361cD0476d3706e1064B112F671de0dc23f,4,1
0x5C7ca6A93a46aE786D99D91ED423A91d6fa13879,6,1
0x5cAA51152124BC0c99BC5699911555c743892Ea1,0,1
0x5CdA6f6163e94282d3d8dD413A2B5B2da3ECfa7E,1,1
0x5CDf5572A42637d3853b6dE4a95dec1291cC5F86,2,1
0x5cE676B01adf27DE6b7637b6DEe71f01a109A198,3,1
0x5D051f2E9f679321fd50eC13A20D01008d11A00E,4,1
0x5D0cE7f68F94B64b234063605E2cf9258d77edF3,6,1
0x5d1D66fC5774d553D4a02D5D88551e7A9b65bB7d,0,1
0x5dA5F4c020f856aBdB168fd35c957D6006ba2edE,1,1
0x5e4e30dD4bd50FE8f9015be865F08aF08756f2f9,2,1
0x5ebcb20bDEA4364B3C127E919192f3734E44c132,3,1
0x5ECC92309Da35ec1032939e7c1CBd6C3E78aE32D,4,1
0x5eE1e4413F0ad466E20B9cd4c107ef10A3eA78f0,6,1
0x5f08026036E522CC2338752fBA6d722a48E90B24,0,1
0x5f2B6648A7B62beA1B4bC31eDC318365FA7BB0FF,1,1
0x5f3B8034b8Bc5715dDbC6abA5FcEb99b3e223e9C,2,1
0x5F3Cb118b93237b2b0EC7205EC43807e5D4D63e6,3,1
0x5f45f8296BE3f38119D0c56ad339f6BF66154b9b,4,1
0x5F6333bf6399F2C584c47da422DBA3291707F732,6,1
0x5f892AA02B44B7a4140c1CB87585b4B3F29f33D2,0,1
0x5fa18F60c6e4a08493ABd3A4da7B02E20B0Cb2F9,1,1
0x5fAFeC436B45a12Ff430804A644E68Cb012E5bD6,2,1
0x5Fc75cbbCdDf4398c5c2949a5736e299C1440576,3,1
0x602D2a713ECe658a76989F4CED1bD6179544E7aA,4,1
0x604cB8cF0e494392a26585490fAdc2a704BD2DBc,6,1
0x60523Cd3F5CF0061C6f042545371Fa6ff8cD397B,0,1
0x608ec83A1c09C543458283247bF289b355A0Ff17,1,1
0x60c4ae0EE854a20eA7796a9678090767679B30FC,2,1
0x60CE74B9bFC75e114C72484aCd19e78780BE9b8d,3,1
0x60eD33735C9C29ec2c26B8eC734e36D5B6fa1EAB,4,1
0x610C89EbaBfFf5701cdF8819Bb28f8F38f3d6445,6,1
0x612EBC9b9d1B18ccd5d2cDC1ED1B4c13547B9546,0,1
0x61477Eaa5E33400acC353390Ca001Be0Eb706eb4,1,1
0x614A61a3b7F2fd8750AcAAD63b2a0CFe8B8524F1,2,1
0x61D1aD382eDFA6A26E9DFedf4F03C7A785a3316b,3,1
0x621E61B2D326fc976007F89c4180AA4bDD8952aB,4,1
0x624AaFf59aF543CBD4DE4a991EE98E21F678fF6b,6,1
0x6282e24BAAAF04c984e8AE7CD0C763709743Cf9d,0,1
0x6299dbe5BE8ED5d5DF9Ff5a21B485c7da0cF3476,1,1
0x62a2f5e9f3dA9C3A1A63ed695C3c21057A067Cf0,2,1
0x62D1447a30eaA2D26CA986B95fAF33572c884EC7,3,1
0x63350b1649C34D3135CEf63b9D1369F8bB66BAb3,4,1
0x6360Ea0e3AF36b7B51cF7E4F810370dd5a8cDc0f,6,1
0x636Db7553Dfb9c87DCe1a5edF117EDCAff1B650a,0,1
0x638FABfC1CD62993674460692997a329abd114DE,1,1
0x63c9a867D704dF159bbBB88EeEe1609196b1995E,2,1
0x6422bDc46C17CdDae1FF4856b81eBaF47aF0DCB9,3,1
0x642d38840ebFDA55911F83B1Cf8b5FCB1D5fce36,4,1
0x6446cDf9c6EEb7135D0B4D5942b8d01680A0926a,6,1
0x64Cb60a488F5Ac491eB77d41151D59d031386f09,0,1
0x64Cd160801f6c393e12498084d36E7ACabf25091,1,1
0x64E13575a908850912218CCF435b43A35c10343B,2,1
0x64eD2D64912e45d004a64b0f9F3D759533C395e8,3,1
0x6519E6117480D140CD7d33163aC30fD01812f34a,4,1
0x6541E84Af0B25f3e084E9ed17d8f255a12D125d3,6,1
0x656F305E8aB934aFcF7Fa871b52B84C06862eB84,0,1
0x65f9618A396529aD7CA3F852f0D0d35FFf4f8D4C,1,1
0x6615004A73d888e391Eda81bAC4988Cb1A2F5e64,2,1
0x6649DaD69e7994f329bB5f0a829C82b838815a56,3,1
0x665ac2C32a6484d5bB4bAA5bB81e7Fd2780fCBe2,4,1
0x66633Cc6B84CD127A0bb84864c1a4eA0172469A6,6,1
0x66697dabFfe51a73E506f463b27E388512ed6Ecd,0,1
0x668540812466219A4cf9EF22151bB7E513010f17,1,1
0x66B6965C3e3871F4F8a30231dFAE17b31F1b805F,2,1
0x66cacE00b95862a1f4AB7587d2623241480478D4,3,1
0x677975399cbd8aa7BD17A4B87C04Ed07A85978d4,4,1
0x67922a9561423548A9CcFd67aD80d6c637C26bFe,6,1
0x67ac4bbe7071b63cf1627c4cd56c9c3f15a9f758,0,1
0x680f63f7948702239FdFd5dcfA0E65498B431cb5,1,1
0x6821145ee03c8D141FBF0F897EC6131d0CD72664,2,1
0x683bF6381E7Eb46f9155Cb7BcD7C1EF8277d868c,3,1
0x68a3E1596182C540D3016608D2F0D2E596be8f20,4,1
0x68e2f35c9A73F845843922637DE4944c4cB4e459,6,1
0x68F501d53b2afd52d21Ac2dcC7aff561daBa27d0,5,1
0x691027a3084F538A9cDE9cA5C274D1bc420E7d61,0,1
0x6930Ce6d02111556c76C34663B53d6c4E1561a57,1,1
0x697203445B51cc43664EeB8D87dB3117425b3F52,2,1
0x69A77B9Ca4D106690751866360F7bB5952B2666d,3,1
0x69cde481730d35464280Feb62B52EC6A6Bc394cB,4,1
0x6a0132b33eb56F760d705A0FA947267304551719,6,1
0x6A2486861180721623B5Ea9c20EBa7893182f72d,0,1
0x6A2d03A1B49A5f934B9f6820F60A44ceb9414c01,1,1
0x6AA9F1775F7e0f8B8663e0729b7D64e4fb61c9cC,2,1
0x6b0031966235921f4AC315ba27768929AA39a1A2,3,1
0x6b0ABF7fcaa10EBAd592409d931571306B875CF4,4,1
0x6bac48867BC94Ff20B4C62b21d484a44D04d342C,6,1
0x6Bc2fC6E7dcBAB9e9B5D706fc666e0Fc2C0850DD,0,1
0x6bEc2C9eF96B6A46b1C90CC89449eeE321ACeE68,1,1
0x6CA2fC6CF24cfE57F259F39EB1Db52BAA257c1e6,2,1
0x6D33ECD723155522d597682Df1f0Ac10e7D7D9ed,3,1
0x6d921826C9c1f517cB4C85CcB515aF5C08E63484,4,1
0x6dba7f95386e4129f92B59482Fa356bC74f29c5b,6,1
0x6E8D1Cc55c33850102B7D8AbAbd7a16cE976D2E2,0,1
0x6eb13Bf70eDaADE22B0C5a7F0De7138Ce96d53DB,1,1
0x6f3f44440680Cad37C8eF621F1800664febC44E8,2,1
0x6f598AAb7895eBa4b86035353F9152A2Ee956855,3,1
0x6fCe63859a859a0f30eD09B12F5010d790618ca4,4,1
0x6fcf9D80e2b597F4B3FA764b5626F573a9Fc93D3,6,1
0x6FD30A5B1d8c78e1E53C38F816fEb75d4F0637c5,0,1
0x7014d44974256AC2EF6Ca04E897c40AA014f1183,1,1
0x701a603f90D8d138B13d9b4Ed3C4C9641E7f3606,2,1
0x705415B435751eCc1793A1071F8Ac9c2D8bfeE87,3,1
0x705aE5aEF02B0A8ceaa712Af547d39A051Da5d4A,4,1
0x70a8c4E53A9078049cA1b2CeE477436C8Eb61B2D,6,1
0x70aBd66ECBb2d0A26E99192AA56d5466A0420a47,0,1
0x70b63254a89461f3797C2c6222234E6Fd382BaA0,1,1
0x70C3a7516B6AE4a8C7901128fB20E6d1Fa1bECb0,2,1
0x70D90E34Dc2dBB9E8cCA28027682EBaCa83580fC,3,1
0x7121CBdA61e025EB6639Cd797F63aad30F270680,4,1
0x71A84C96DF6D0379DF9b9B634D3f9E7517c680d0,6,1
0x71cCE86bd7960c8fc57a67F361cB9Dde9A143C25,0,1
0x71d4ABBc338526550da508969c94069562Ab3332,1,1
0x71EE6CA20ca168beF26411E0430001274ca4191e,2,1
0x7255FE6f25ecaED72E85338c131D0daA60724Ecc,3,1
0x72574AA6E239e0fFF7aE1416Acaa458F08A5484C,4,1
0x7258C400A49Ec47Fa0d3116C96BB3540374D01Dd,6,1
0x72c6f368cbb3c61Be04e0d7736944776F8402c10,0,1
0x72dB34299d4Bb489993A49822708ce692CCA3EB2,1,1
0x7315b62e86A8e0c73092c12f5ebbe1519619567C,2,1
0x7320F2C0409eb06E4A3112007F59FB55F8584f29,3,1
0x738FAb62D1f74CD829eFEd06057a7De09206E6ab,4,1
0x73B46a49E5f92480710B07Be849500B772b6A995,6,1
0x73f3afa39f7d04Aa576065D160e355fE3628263E,0,1
0x7452e7D530078dbd6a2Ed65007BEA00A4D60F138,1,1
0x74d7e9Eff4ddA7571094631673F50e9fc2cd5471,2,1
0x7556Cc553036E8E67ca77B72fCa81657988DE13E,3,1
0x75C32299da1395C5bA98c6E213F0Deb1320A33cb,4,1
0x75Ce4917E3160aA3b5298dA1b0Ca959fAd970F1F,6,1
0x75DDb7aB958135bBE2DaB48D6286826f6aa5E3b4,0,1
0x75E26205C2Bbf944EdeF2ac1E309b0A7aed4E524,1,1
0x75F103d88a10008a6EE2840AA0f1D054f54d6E25,2,1
0x760e7B42c920c2a0FeB58DDD610c14A6Bdd2Ebea,3,1
0x76776035f029dAbae2c3F29CB6a77b8f08b2d6FF,4,1
0x767cc461806e86E477497ecdB428DEfbB359C24c,6,1
0x76aA96B7427d40853645963D506692Bf932402A9,0,1
0x76E059C6FF6bf9FFFD5f33AFdf4AB2FD511C9DF4,1,1
0x7730A36707668B5A2484DC89aD878fe5e583EB68,2,1
0x77427023E70Cafd983dABaF3488D8D83ECB15b96,3,1
0x777538E9e6FB692420Ecd63ADD56Ae2e34227e94,4,1
0x7789672E1e5ec1665732F9A37eBe708c989cA26A,6,1
0x77F9E6516D6F677d6e30fD165afcF3a802d33006,0,1
0x780dc341B18d1E6BA11736DE6Fba58a85C666e83,1,1
0x7880EC497D7e420D4D9416629e38D709F8F32E2B,2,1
0x78A60DBDbb8f80837fc910fC8f0BB2235Ec2b6aA,3,1
0x790c815D43C78e2223C215c91CDe9A9F7510855B,4,1
0x79110ba81F6d6b14ce454377582B93dbB120f277,6,1
0x793491fe4A7b25EEE0065e484A52C7A0dfd8C0d9,0,1
0x7940584fc34A0f6A2536C0dfdeD48572c63Af92D,1,1
0x795f50722Cf5ad82F78Dda8dC8F7B235332977C3,2,1
0x79AdE07186eA61cE123771fA431f4c7F3B3Bf0Ee,3,1
0x79f6B113c2d420F4AfE12b25D2a8eA392B2BE45B,4,1
0x7a38F3FA682E6e20772D2C21a25Cb51b2FdF6A1C,6,1
0x7a7e5E58b071e96b674fb9022D1bF368E1907F86,0,1
0x7A87Dd60FB6579Da3f8B16B14b7B551A5C8008AE,1,1
0x7a97484f57d98a62b0195d79b9600624744de59c,2,1
0x7aafaff095e89642dceA9f99B820aF3613fdFD2e,3,1
0x7Ab2481838b4057e96652c97E36c1D3EE207b587,4,1
0x7b1f9826F4F706137E2b698DCb797a40D0f7e7e2,6,1
0x7B7E48d474B97FcE99bf5C268707b0e4D30Af92C,0,1
0x7B9044D2862E1bcf5212F9d41583c291CD5419f6,1,1
0x7Bb4860DCAEec291b56A7E3F74F299628e3bB239,2,1
0x7bB85b553c04cF2dFCBbDac998eA3621e17236c3,3,1
0x7BB8705a3581f549C039401903251Aa010ADe9C6,4,1
0x7bE1E9e91DD970fffb9823B0543E135F92f86558,6,1
0x7bF2F588E2cD2B04786722FA8E6D3B412cC6cF25,0,1
0x7c05Dda33a1ABbE6bE0712b3f668494D00336326,1,1
0x7C684BA5387688b2dF88A51F759aaD4A4b07Ccc5,2,1
0x7D1368528D8dd105368C91700f1Ac30D81628794,3,1
0x7d43237e2Cf6bB7ebD94Bc6d772AB5bed22D5D5C,4,1
0x7D616916D228d1663D1E546E686a0c63bDa95b09,6,1
0x7d7c9Ac6c7e950b356Dd3F801A79F55ed284a157,5,1
0x7e04AeD938133f778d9cbf1aD38A73f163674699,0,1
0x7e0B15946F9dce4507feB04E4F24A11C419a689b,1,1
0x7E4724C60718A9F87CE51bcF8812Bf90D0b7B9Db,2,1
0x7E49593BF08958e72803C74aaf09F67632a0af29,3,1
0x7e86b2e9b9e6c0ee02b0200648d9fcf20557e3c5,4,1
0x7f15f447a8Ffb8C42526524D2d240517Cf8De1dE,6,1
0x7F24f65868977aD7ef02a88f867FB43C7c4b77EF,0,1
0x7F51c8447eE363d7bE2705163CC81f524685A008,1,1
0x804aFb0dF1aa07b2fc797Cd960FCc4dFd5C7757b,2,1
0x805b773DEBbe076BeBE76906509aE31c902481E3,3,1
0x80aCe667e223cE4be8a0A384c9c4f118C4e896FB,4,1
0x80B78C03EcAF44C062D0444c7a68A6F957ADd9Ee,6,1
0x80cE6fa3CBcE969D38eD5FC1F9BC6EaEd35a2188,0,1
0x8167EDc07b38B66009BfEb07DD53D0C0498D1B1C,1,1
0x817B1106cda1A14103458855FB52451c1F65380B,2,1
0x81B55FBe66C5FFbb8468328E924AF96a84438F14,3,1
0x82131E86d080312E13605aaDA6538a94Df5B41A5,4,1
0x825E89C22b07334558d0a3A4Ed624284b37e7fD5,6,1
0x8284AB17cBfece9BE432f9697AD4febbf2AB67a0,0,1
0x829F0811319625975292ee7D9d22A3A0b408Eed9,1,1
0x82A6E4DE8D398E8779ED965c437958F8420bDE4A,2,1
0x82cf96ef2d7e8bab5606e79e2cf04d9ecbdb5229,3,1
0x83111e1888C1e49e8703e248EDEAA34EF868A1DE,4,1
0x8342a36E9cf61252E231619d2F38bD367DF8f1a5,6,1
0x837C68f834170EaeD28547B0a46ECBB923987127,0,1
0x83bb781a2a2Ca1fec0350F178C911848811cC440,1,1
0x83c0219E7166D28e98705Ac87e0d14F06551A3e3,2,1
0x840baA2595f45c3080eAf48B4bfeaD40Ccd8aa23,3,1
0x848bBd22069C4b742eC68ff44b1ab315Db9e117C,4,1
0x848F11E9c468be9EF6bF5F1Daa742e6ADF25D7A7,6,1
0x84A33d412041d575dbF7DB8734507bb554772E59,0,1
0x84D1E52A5C2871d72eC2D190E14D19a065c98726,1,1
0x84e9C00F8dD869C09daE15d89A78a3F3D0aEb677,2,1
0x852271883ed42CC3F9D9559b05aB4784Fc768E93,3,1
0x8560f3AA7C2522bFEabCa88Bb8f5F55eFe9611fe,4,1
0x85753e74d5101ab59FE310f2A87EF56507CB5942,6,1
0x8578a572786A4b8bd4D9D9b6f5Ce4C08258b0FB5,0,1
0x85AcA7a0caB13AE023942F7da738C84d36BBD9F1,1,1
0x8628D73d3F950ABDE99739EF34B6CfA10394f579,2,1
0x8649552c5c04AF0E8004DC855b9C2789A25b8D85,3,1
0x86725086594ecc03de4c3e4171f8101a9402818e,4,1
0x86A9EbD5e233156243ADF4c31491631B14Ea9E71,6,1
0x86Ae33E8Ff7a7f780D60347DCA4f2BEA0191E4e0,0,1
0x86aecfc1E3973108Ce14b9b741a99d3466127170,1,1
0x86D3AF9FF0e89Cc2382D8B171AFf5Ebce5Ef4351,2,1
0x86f5badc9fB2Db49303D69aD0358b467cFd393E0,3,1
0x870C597d1b52dfc977169778A591F1170B3a2338,4,1
0x8751Bed6dd8409C30d8C1d40169d48a784f9D4B2,6,1
0x87cdacBEC845896b11D449884B7430B89060bBa5,0,1
0x87D9C2D9990A9f3A18F1377Ff20d9945F9eB3792,1,1
0x881886ac09720414892062aD60b547cbE92a693A,2,1
0x884afF98eCEeB5016bAF4e04BD5E0eD54B2E81bB,3,1
0x88E7EDDE8FeC58ba8f62D307e746DF81b8f830d9,4,1
0x8933D9d2f1ceb91b94C175063c1196c5Fdaad738,6,1
0x89584A65DFaa7E4949F5495191f3806c3589f10c,0,1
0x8975d31e521Ef4F688DEf180eab40304eb7d173a,1,1
0x89A1145FCCAC1a2a9350eC1A4A486E4458D26274,2,1
0x89B7A3d659041a84d0ac317B9D0B91e683CA6E61,3,1
0x89C7297c08a85387bE6045074AaA67c01EFA985e,4,1
0x89CeC4875097d7A06622D901f389236752c850B9,6,1
0x8AF4277C5E84158494e2EE4cdEF463F87abdAE4c,0,1
0x8b0bb0DDeEf102D5bc69cb3F7C9D062e89697f4F,1,1
0x8B200F4c81c54d9014B4cDA3F16501069FA20Ab9,2,1
0x8B52e53D2F9E0cB51954E66d57A047c6FEbaFf34,3,1
0x8B9A3787dfA6d221990967C7AEe4c6F7237649A4,4,1
0x8B9F39b3c76AaB744BCee37cC56782bAC8eb5FFb,6,1
0x8BA922Eb891A734F17B14E7fF8800e6626912E5d,0,1
0x8c0b2FF66Ffc5D76D063C02e77282d7FAcbD3A54,1,1
0x8c155357cBa979A58fAfb053aD540C4B12e2Ae31,2,1
0x8C779811306cee2faFc908C557cCB4be9FF20A01,3,1
0x8Cc6684a2e5B39d110AC359a0966526b6D7DDF46,4,1
0x8cF43ae56733529d8650790187B37410Fe44322e,6,1
0x8D16711bE75c24d45B2804bFea1e1dCB5BBC0885,0,1
0x8D17851c043dd69EE8ba1e68fB8300B80e8E7Bb4,1,1
0x8D254E4b555BAa8A64Bb47a1b7dda2eb9e929Bb7,2,1
0x8D450B0280fCE49A8780BE5405BCcCE4c2D04B63,3,1
0x8DF6a2DadfaC1009442430CA40F8479d206f7673,4,1
0x8E1700E063D4341930C0D071C168D17E506caca9,6,1
0x8e5aa8C013298fCb4700d7641e84B4F5F8451Dd0,0,1
0x8e62c24e5335681e8DDc1D7851edea33CbA947c5,1,1
0x8E63E4376dDE62cb82f5a91C4bCE4156457dEdB1,2,1
0x8efC96f7EDB7F656a63b3195Bf9728782115c4C7,3,1
0x8F7d7E9Adfa6da73273391C57bab0eF22651c7Bb,4,1
0x8f9Ba26FAe1d5e722e4DC93884c8D5AaFf9a3AC4,6,1
0x8fBe4031141Eaf6280D36d515335E4D450452e75,0,1
0x901b676E27fA9CED94DCEa48F73C97780b908311,1,1
0x9080196182F77B89BB5B0EeE3Ddb48cFA716c4c3,2,1
0x9098B23Ed9cc4cA858B642af81442E9E591Ff073,3,1
0x90c88c8331dF8a21542b36bBA3A0f226e46eB39D,4,1
0x90e56349131D187e3349b8B37030adCad980Ce89,6,1
0x90Ea7C4f89D11fC237a822E7395CD4B33F164E58,0,1
0x9126F6022750723C197C7b50a6f08A59A14Cda5b,1,1
0x916cBb56aA92CE77f30436Cc9Ad3B4a1A29b1d57,2,1
0x9175A64882d239CD35D88aEF071e1657C6e03351,3,1
0x91837389Dd071a2F93467Ff95caDA8bf71ac8D48,4,1
0x9191e22B2c1AE704d728f50BE907C65f51bba88a,6,1
0x91F36e05FC3A00DC17E2cf8bdb95085750c383cC,5,1
0x921fce1fF835174Db2Ce2c2fca4Cc7E7AC3Ca69c,0,1
0x923B5a8D12B2CF6E61881Fd9927A78F2D59327E6,1,1
0x924a73615CC57E0a4C6f0fDf45047585F7510229,2,1
0x92bbbE32ffdc09FBdfbC2cf0Fd29f3bc7D279931,3,1
0x92d36907742202626a13F2F02b22f6cC43E44073,4,1
0x92dB5dCbf375FA203c9cB60f095C5800D59f0A3E,6,1
0x92fAB452E2F14C7730f79031906E06326c916946,0,1
0x931dB3F0C27956f9959293533F5191fD6954c9BB,1,1
0x9321d24d07941Ee744D138F6a3A35B6B34e3E0b7,2,1
0x9322C6CcbCE9fCC9BDC45fe2830704907330454D,3,1
0x93c7e65CECdBa5427E658f6BDE6e877b7c0ddb81,4,1
0x93Cb1193f316f218Eb2DAf0C7b958913dA39B699,6,1
0x93E459A7fA7886cE52993A48445646A1342F1Bf0,0,1
0x94046B4000fefc937F9AE219E2d92bf44A36393E,1,1
0x94068AA755BeD023499e6139BA7ebCB0Dad46d1C,2,1
0x942218484908b195a1a5c357D1197bCb6b8bB233,3,1
0x9491D2529fa4A0Fe7720379f150b7a3e5D0C4E4c,4,1
0x94de0A3c7cf28cB09B1F848Fd6014E311b9BBfd5,6,1
0x9514d212129AA2929527E24d550d2c5be2Cf5959,0,1
0x95Ac8D067e3501063FA95F17758da79d4CaAC37f,1,1
0x95e671027F2355D485FcB2a94f2aadb17d404A4B,2,1
0x968F61e9C4859394582bd7bfcfA85CC721DbC545,3,1
0x96e41e195f1b1fe0A7a30755bB22284688C0da6B,4,1
0x96fD87D68eC259035604230D0c4dFE9a3d66066A,6,1
0x96Fdb4434CB6F90Df599E32bD03C207FD99E41Da,0,1
0x977923940Ea86eb40d6A51b6447B6c62ea732007,1,1
0x985116F8C174fE13325D36685424d1796cC11f51,2,1
0x9875094945893d40979E2858B6cAf788dcCE3368,3,1
0x98ab5c2F0104ef852138468d0A79e487FE76Ab9D,4,1
0x98De69Fc87790bF9679e5B781a03e6821F3d2F75,6,1
0x98F2A5600A0fCF9A759DDdf661e87dd0C7789fb3,0,1
0x996340C05889BF55cADb6294D0aeF48344b064D3,1,1
0x99685366b817EF10654510133Ee83B011Ea33b5a,2,1
0x99E2f225a7631fd91f934CD7e8Ca6ffC93eb001D,3,1
0x99F63103C109dBce7a45e111DA8cF2c8C86cf6c1,4,1
0x99f7a79713fd1c1f75b84a69a3fb453ffec3d14c,6,1
0x9a0f7f3ba7Dac6bB6ba4d67438F7237a8718be81,0,1
0x9A49D5a3f60351760be1e03CDAa2fE353a3AA574,1,1
0x9A8ab692a6D73242C74a727Ac7587aEda778B131,2,1
0x9aa300c5Ee29A9a61d8565874C68fc4E0843833C,3,1
0x9aEf36b26Eeb139F5aB5Fff76b5a0f2C273474B9,4,1
0x9b2EEcE24F6D70Cf93ba8C65cb3D3aaAB5D9F125,6,1
0x9b411116f92504562EDCf3a1b14Ae226Bc1489Fc,0,1
0x9b6374E2b2fa5b440E6409710edF16a3139e4CbF,1,1
0x9b899d5B85aB81F868C2DB5Fd349F255CCf3BDe3,2,1
0x9beb38e0b76761ea6115cc0d7412dc5e38a401d4,3,1
0x9c3bAcade6BBE81a6238110a28628512ABf4eC4a,4,1
0x9CFE79EFd56F7A396e4b649968e431647b5Ff76F,6,1
0x9D0234f8a921f67c5a20beee923627cc15d770AD,0,1
0x9D2ED6721c762dEc552dAA16a6A235AC4Aa134b4,1,1
0x9d3A5caC07FFf7BCdda25F66ce27fc75C80B64a4,2,1
0x9d8F17c2445eec73739a0332B4f48b6f304CEd91,3,1
0x9DB8136a0bBEf7F9d7A8F08D0e5B8a7fAB75dcBD,4,1
0x9de5Fb2e82681CbF0f9885b2E17c7aADAF7c6a32,6,1
0x9DFd15d58DbF2e48A35223A06f69C5C4a345461d,0,1
0x9e62cF36C6A3d23C938189658BA5b558D8dccAcb,1,1
0x9e9a2FD46380B4b47824D4d523bc9F41666Ed4E0,2,1
0x9F0F1AE982f17A67c4B6A57c2B69854DF97f8988,3,1
0x9fc01a12da02379475b5c9E989710848ef95236C,4,1
0x9ff84B91998dF96A6587DB8dDe8D4E47518107d6,6,1
0xa0909264D1b94F60e88F86cBE09Cc450fAfCfd44,0,1
0xA1301BC880de06b84BE4D9150105c6b8cC6202B2,1,1
0xa1586347C540C1b5CD83113872EEb7815A57dfe6,2,1
0xa1A5CC526e662325A0e36bC7BCa1F1a05A903454,3,1
0xa2621A7EB4F42a04FEe0041020fa0e61CDD6ea42,4,1
0xA28772016b9Ce78Cb7073fa3ED314097E512FEdc,6,1
0xa2dEfa41aFaE2E9b93928789E80d4bdBCa28Ec07,0,1
0xA2FbcEfA58D2Fa7a96838Eef4e8b76c4a6AFe73C,1,1
0xa30412D6cD5d48B65Df7134F2e31949c843ba13F,2,1
0xa495893ceB72AE222D1e34d2Dc1872B83c47D5fA,3,1
0xa499Df2Bdae854093e5576c26C9e53E1b30d25E5,4,1
0xA52899A1A8195c3Eef30E0b08658705250E154aE,6,1
0xa532F169ceE0e551D4Da641031Ac78fd85461035,0,1
0xa540A85FAD845Fc76A9C9A13C96AE1B1fA12EA07,1,1
0xA58561F0C0eF0322f005f228296b4eb3270DF702,2,1
0xA62F79725e08DA9B8684fdaC2bfED855d41186E4,3,1
0xa65D0C27DE101e1e604954951Ca96c64DC0cB7B8,4,1
0xA709f9904a4E3cF50816609834175446C2246577,6,1
0xA72511883e1d69B63eC7C744dCA756A7A698D0Ae,0,1
0xa7357F5B775086449Da0db79bF68Dd8DcB51b367,1,1
0xa7B33CD26f27f1C6B709DB5Cae442e42387bA69A,2,1
0xa7E89baBD2FcB1b185acEA4fC7B8399F9A7e1068,3,1
0xa7f41291785211Ab3907E1B05dFCF35f64012dF7,4,1
0xa819C50d511187CE0f6Aa352427586D6d0c187F7,6,1
0xa858Ea02845071dBe09b4b5C3BBea49529bEaadB,0,1
0xA863F6de9db83C582B133c96279e2C664840Ce76,1,1
0xA8dB4f9c8e33019a72AF300F03b936C35b3e75E5,2,1
0xA9C8a5d2CeDD71C847ae4eC216ad4776512478B6,3,1
0xA9dbBB5F1b3b903EF07eAE50483aBA4894aEDfa9,4,1
0xAa1Ad4784c1f3099447d85E97aa551614bcf601C,6,1
0xAA2436cf8D1C45C48160DDA0679f37161b3b7D95,0,1
0xAa3bc022Ab20db50542f299441b52fD17FcCf334,1,1
0xaa82C64b5799B4DFd7Cc973Adb9166A22882EAa1,2,1
0xAa92Ee1B8670Bff3A2851FaE90a16fBDBC89e018,3,1
0xaAd28d1c5a578abDaFE51f289602275900f09B2b,4,1
0xab4787b17BfB2004C4B074Ea64871dfA238bd50c,6,1
0xab69aa255c368797dECF41006a283B3eac85B31A,5,1
0xAb7559304eAd66D8CA0BC1e0365b6d1aE89c9077,0,1
0xaB8131FE3C0cB081630502ED26C89C51103E37ce,1,1
0xABE88C6DE8203213DA9C3C5681941eCDF8544163,2,1
0xAc06aCC54d694bC54151Fb8EEB0323d17A5C86b6,3,1
0xac2BD7380B8EbeCC713FB21FCd7E79689e609558,4,1
0xAC5fd8abBfb2efdB330f627d9d69D1C0909d6316,6,1
0xAc74d0d081A03478299cEc36Ac46001e5b323E07,0,1
0xaCE21B38770bEdff97Efc814b2C6CAC6Be737D2E,1,1
0xAd615f88D4483b80Dd415a0Cf533c027D6ecde01,2,1
0xaD6B5e846dc184D6367E29390b4448b6998AEcbb,3,1
0xadbab2cc6a42fae4a5a1ea7e840bb19efed96f55,4,1
0xadC045001169071580ad97aF8cF5efB7f235A719,6,1
0xAdC1a6E0daf4Cb96128b2dCdc631e6bc7406FDfD,0,1
0xAE66267838827aA08f08CF0986DdcF24374c75f7,1,1
0xaE6d580D9E5a9403C6521d581dE11C41825648E1,2,1
0xae80DcF8109e2774d38884ece6c11191c7a1c583,3,1
0xaEa6E95efCF6770d04Bc44D398c502b80f51015F,4,1
0xAEC41D6c79Ee13F26f4982106463a0Bbd6cC31dC,6,1
0xaf4fA10C1e93E9C60149F386CE783a4BC2952a77,0,1
0xAf5063960cECB854e0192cD7314cd1d7Eb6393E7,1,1
0xAf568b4ACaB91A8119994C69B86648271346796d,2,1
0xaFb9d7Fa614DD77CD9D212bb0596982c850A5085,3,1
0xb01aB8212a099BEB0660652Bb5C3e9bc1Af924C7,4,1
0xB023995346AA4ED4D9FD33872049989Ef8c39aC2,6,1
0xB02DC63B4e234e1aBc36EAD88DF610d67f4920dD,0,1
0xb0C4Cc1AA998DF91D2c27cE06641261707A8c9C3,1,1
0xB0Cc47be9EACb207c9954ecb0fe9EfB2C70013b5,2,1
0xb0cE77b18b8663Baa0D6be63B7C5eE0bdF933001,3,1
0xB0ea22e52Ae44c1aA00194170DEA4E609EA6b9B9,4,1
0xb158D678ce9Ed6042E59d929b2e73823AB1A5ECC,6,1
0xB186c9880cD56BD50a35C159AbFec42C3029AA3F,0,1
0xb1F56a37738C16D150C9Aaa5441f056e65f4fBD6,1,1
0xB208D18966798C045ae1233E0AD49300D8d7fEa5,2,1
0xB21FF0565Ce76983070bfB26e78b642d4b4e6C69,3,1
0xB222525A29c7f35D826B3832501D5e980498aE63,4,1
0xB2816aAF89d12676494Aa0d5Da42FDC7ecE43956,6,1
0xb294Ce56b0b12d0f32D61DCA52BD39daE74E1156,0,1
0xB2E0136fb9CB29331474a950EDC2778cce162e97,1,1
0xB2F456886367c8e50566377ec6d9293D4Da5bb81,2,1
0xB2FF18975AF49C522a410a75565bD475F4bAC00f,3,1
0xb33eE1F02788F9E91840e52630c24327d661479F,4,1
0xB3f10190d79356C9DA34cE3cF5c4DA421f6dB22c,6,1
0xB43F8F3C1B2e4ccfD9535A0501dD857BaC7b7C21,0,1
0xB4845049cF818DccD320eB715c1A475b0cFFa1C3,1,1
0xB4C38E30b59c52d821222B23c3cf79b3b27a8631,2,1
0xb4D181d2eb5128821ad5f604ae46fE3EbFb2c9f6,3,1
0xB51B53f7BAb54De3C5728776F81443C172F823e1,4,1
0xB53CF0a586973AB15C0A045990D06b4FA083DD5A,6,1
0xb5C1213EE9ddf312c98F6e94caF5c421C86AbfF3,0,1
0xB6237B2B69f81b4fC8B8d2176743adcce40A6f7D,1,1
0xB678E483d900ce4845347526E7678a13391363db,2,1
0xB6bd1b9b3e6e3512BB354789289f6d8FBc0F65BC,3,1
0xb71D05cF5CdF7a9B15B20b9aaB5E91332C271c96,4,1
0xb76E4A9932538bBAd705D2936d0dB755389cacFF,6,1
0xb86737F3b14dE6eB7970e2D440B0ad91cb008133,0,1
0xb87951b4cA89D476652187B23a7cff9E7809FDC3,1,1
0xb8844b6FB5258Ea4f365A9AbFC641789d8b0054f,2,1
0xb8A804da05abf0ee96D61f5e4bEDB59E7f8fab2F,3,1
0xb8B5632fa230989888b71891aDfDFFBAE2fcC66a,4,1
0xb8B95A513C2F754AE61087edfe0057c80513e649,6,1
0xb8c943a39309c07cFA3D437BcDCcBb7b4B23082E,0,1
0xb92587d49EB9503a3538bad95727fBCA255B7d38,1,1
0xb93347772F477cCfde4804e87061A9c030a2ec70,2,1
0xb97b5F370548BC8aBa84F8635f034880a439f417,3,1
0xB99f2FE8745E1A1d18062a96818EbE0cCabb1A91,4,1
0xB9eCFE95Cd599D63412aBd84b1524E1184301dB8,6,1
0xb9f87639EeE2E72f76E6111255eD22daAEcb3eFA,0,1
0xbA2010e19Fa7CA59982A70Ff957E1F14C03E2AEB,1,1
0xba9f68fbf20a0316d80287d7abc9b1377d622121,2,1
0xBb24D282b6D733B9B575fbECF42c730333869ccD,3,1
0xBb60F9F245505F3d132974169BE1c01Aa68F66f7,4,1
0xBB6182A3De745892Dd68F50F3EBc890Ba4719de1,6,1
0xBBb6b52E23528e3E03190dee924843D1CfF6ECF9,0,1
0xBbc062125227afA5370682952909923552bE9091,1,1
0xbBD1a931a5b1481a5D6FeDB298A6302137143ccB,2,1
0xbC54C40CA013089a683885B14b4a8d7B1aa5dE88,3,1
0xbC654B09053b5115239c89Ebe0Cc1B08B3A54D48,4,1
0xbC6e70CB9b89851E6Cff7cE198a774549f4c0F0C,6,1
0xbC803485F22213fae12602252Fc3Db57D8f1685f,0,1
0xbC9C6379C7C5b87f32cB707711FbEbB2511f0BA1,1,1
0xbcd7E07Eea030c5846b4298D58Ada7648bF78adF,2,1
0xbcdc432E0b63dADD48693047F5381abC488989C0,3,1
0xbD538A24BeE43033aDFD4EEee99003eFa31c31bc,4,1
0xBD65cC622dACecB4dBb4c36AB759844B6bd57D4c,6,1
0xBdbf4FA859c64D4146389dAAB9B4F3902517e632,0,1
0xbdf0BA6ebb474a667Dae2C725ee12045Af2c9Ca1,1,1
0xbe5d6b71915a2b86d007f51432f5a79116196236,2,1
0xbe67d6800fab847f99F81A8E25b0F8d3391785a2,3,1
0xbEA192a9F11c469C7Fc70107A3f4E4711cB9B8D4,4,1
0xBf197ed412DC301867F3c6C82e80024348d0d67E,6,1
0xbf277A67Adc411B86553410b5Ae0Dc5DF1027F01,0,1
0xbF9a1AA6257b5568103CDe30A000f99683cefc3A,1,1
0xbFA1B5171ad75ee38695Da1eC5D93be704aB7962,2,1
0xC06274C31a99e47Ecb0fE8E37e3e22298C510004,3,1
0xc0719b1040f7f8e904A6509F99335656C1d881eD,4,1
0xc0afef712a1341ca78da145b2afad346e8c3574f,6,1
0xC0cD9252fc73E020a2B278d7FE91f87E43a1d81e,5,1
0xC0Dd621303AfA869D53C494F028E5c23F9087426,0,1
0xc0F030eac8b588817f8dA16b9a2CDCcc6451B25c,1,1
0xC10898edA672fDFc4Ac0228bB1Da9b2bF54C768f,2,1
0xC12469b7Ad27706bbE9872A8a45fd9D461bA2342,3,1
0xC1Ff85c123290878D8fa84Bfd123b3c81909Fe22,4,1
0xc2053036eD1dFD9Cbb4019EA22621308674Ce925,6,1
0xC278592e0566075Bd3E32b139C4ea768904f93fD,0,1
0xc288b0Ed0E76db7395D2D129B1ea0820b5E89039,1,1
0xC301f5b31e4894fbC89B777883CCd4304672b655,2,1
0xC348C375048A2527eb7b13e364E88995961e77F0,3,1
0xc415040996590a6eB82eBB2B323B3FAE84268e5D,4,1
0xc487dBBE0f01965eEc6d65803f1E4cd6224601DC,6,1
0xC4C5231bd6F3B957280A49eAa6c6d3AA13123006,0,1
0xC4f1e3020E1b07b66aFBbbee30F50383f46D7091,1,1
0xC54a79174cb43729e65a95E41028c9BAC7Ab4592,2,1
0xC554D7EDaB408524329CAD105Ef1f6A6c2D81d1f,3,1
0xC6291442efE2634306b31f24C8238a702fEc85A0,4,1
0xC6498c330167f0E3Bccc0f80E5933DEad87E8688,6,1
0xc65E253fccA8332B889Eed23809aE4B87ffcA808,0,1
0xC69325FE2449fbDC064018B0C0Ca246E7067db54,1,1
0xc69ec94f3dce57b622d790e773899bc1d11a8074,2,1
0xC6c3D0dBC4e7914601176ea3afe5CcA46A29BEd3,3,1
0xc7748db7338cC106AeB041B59965D0101eDa8636,4,1
0xC7A4cdae8E4c464652b40BE631D3f51A95A7Bb29,6,1
0xC7Dc6bA8dE6770f8ada1dF1653EE07f531729Dd5,0,1
0xc8Ab8157921BD0E02736E4bbAfAd4e38F4BBAd99,1,1
0xc8cce8cac93a010b02e3b7e4e083b0465b1d36f2,2,1
0xc91fEf48Ba64a85f5Dd8602E128620e6D19406F2,3,1
0xc92930bde462fa0EA493E3eC9d9a478B2Ff2f575,4,1
0xc93f19D748305b4dB0b7Fb68ed5b8a39A2CB74a3,6,1
0xc94D24961aBDC547ee466b8563F86C3a1Afa8bD4,0,1
0xc976895017c81Ac926478C26c347BBEd202d0508,1,1
0xC9A4ccC5cdC509B860903Fbe7AC4B6Ea3541dB5a,2,1
0xc9e19104333eE4B38FB5564DAC7954A94f19EA06,3,1
0xca582B7fFE9B2050aab80e75CF1ceBD8A5BD10Eb,4,1
0xCbcDCA647cFda9283992193604F8718A910b42fc,6,1
0xCC4400cEeEa7cB1b951960962Eb30d12D434DCCD,0,1
0xCC7a2a733AB437Ba54b9f1aBe9A887fb420b36F9,1,1
0xCDcAb24F4CFAda35C28Fef824CC13bD797b0CA13,2,1
0xcDeD41AED0080fF9A36e23864cA8161385EF5107,3,1
0xcE5CE800df9dF2d88bFb9609Cc723130C3272Ab7,4,1
0xcEca5997743ACe9c1005180a80678D117Df60Be6,6,1
0xcfbc091F167bBa962790E23Ee2DDA557938b8BAf,0,1
0xcFeb53931d22b3Ddd5709F75198747664e71C9ef,1,1
0xD12090A5a386B59d0AFb53fB02eC16d46a56EBF4,2,1
0xd16bddE3c4388E90E3f640896c9B92f28A71bF08,3,1
0xd189789a884D30256d07283790E18736C973352C,4,1
0xD1bd938D5d25ad815a7E869B4D55e20aB8697925,6,1
0xD2e015598d48e3BAA6aEA7FB0eddB7694fD8824C,0,1
0xd30FEceFDd3cA3641A6D0abe8e74Aaf407e22507,1,1
0xD36d580fF14b6c2D313C93f73ec3CB0E58717de7,2,1
0xD3766EfBb5f054d8ED176b119163fD16867C9474,3,1
0xd392B38DA73737822bF9735a1B3994BAFb87a323,4,1
0xD3CBA4614e1f2BC23bF7bcF53E7b441d2528965A,6,1
0xD41213C320d05c0B6882EdF1021328939AA18be6,0,1
0xD4217B5375811B7cA846Dc909B256c3A359c872D,1,1
0xd49f15742Cabe0724a6c4F4CE20092a1a5Ad9Ae6,2,1
0xD4b01CD9d122d941a3ea6881E2d9188B38118981,3,1
0xd5A1Fa3C1E596789EA1f08758ecA50577E892ef8,4,1
0xD5b88Cc148a41cC431999Aba56Df961336BBC1D8,6,1
0xD5CCD5202da1e818FaaC04cB5Ca66b2D2A9D0Dc2,0,1
0xd5fcacd86bfff724ee9b7432607b8d2b8bbce715,1,1
0xD6253E89F43397885AFf4C293F1b2d3c9D7c20A9,2,1
0xd6272a954194E9ff4b8834E5EaD2ecF736fB610F,3,1
0xD68d09cFc15cA33D033f4EbA5FB3CCc2ed0616A5,4,1
0xd6c820D2C6dccE479df3a755e0A555e583b40E80,6,1
0xD6D10376c06b21ce7bd346459366c8Abad4f208b,0,1
0xD6e02C13A6cC133C9D019495414667EA7bEe05cc,1,1
0xd71B5A1c764f66418a81c47ced7774C0663BAE36,2,1
0xd757f002d43DcB8dB9A4E43A8350Aa8cCcdC4e4f,3,1
0xD7618C16752aD0DD441f557Cb43e4C83C091AA46,4,1
0xD7d581de1DCA2546eeC3Dd6C70C32c3Eb63801CC,6,1
0xD7ec30DF2FBE8a1953dc5506D85f804Aab8D5F60,0,1
0xd7F4201FAC0cbB326F82dF554040A2F25C390C34,1,1
0xd822bD1BdF4ffCE40cf2267aC6BC6562e34Ab7d6,2,1
0xd827d96ec590DA7D3dB03965081B57cb6f2B14A2,3,1
0xD98695E2FCE07e908c9F523387b1b1f8Eb9d41EC,4,1
0xD9D54f0f67fDE251AB41ffb36579F308B592D905,6,1
0xd9df99a74a242c49eE49d29d4417bdbF1c8271cA,0,1
0xd9EfD1686659E19Ad82e76B54F869D153d6f81Db,1,1
0xd9f0EFD7aF7D729969c1e9dfd6d4De73a25fE1aE,2,1
0xDA057a4149F5A03E7FDCfE92273A59Db22b147aA,3,1
0xda248cC10b477C1144219183EC87b0621DAC37b3,4,1
0xda704b2E18D989003B139cbc5d4FC978a6d81064,6,1
0xdA92C85c80F2874f5aC9ed51eF62d881C782aAC4,0,1
0xdaaF88a9bEC5e584329e4954Bf72E7909F3A71E9,1,1
0xDb1D5d5aCDd6a2233610884715440C92Cb0e85cA,2,1
0xDb965BBAD97d0784Afc22A5D82a24c5478fAf7F4,3,1
0xdb97BEE5DBE8295C37A6096Dc564De184352DC39,4,1
0xdb9BEb75b8947492c99DAF5CB50D3585ae313307,6,1
0xDCA6535094676644882f4A3C8296B64116fE31a8,0,1
0xDCd050FAd8eaef5DC11BD25E92014D21dCADA74D,1,1
0xdcdb88f3754b2841093d9348a2d02df8cf06314c,2,1
0xdD00D555A16E6947295323c4Cd244F5C5D1231D7,3,1
0xDd073675d890CfE60FbC3D47a4F789061752720F,4,1
0xdD86EAAdA59714246bAaB9c8A940b1028A061D05,6,1
0xdDa4a0608818347168E33F71AeA71Ba3709924cC,5,1
0xdDA652DabdD7c9A50cc1Fe389B6Ae93570539B82,0,1
0xDdAaC482530e2d5C31C19727c6721e192d539666,1,1
0xdDDff3048C1d89FA8fE1221b7bC35624622B9058,2,1
0xDe34393312C0C1e97e404d18A04580E9610e063C,3,1
0xDEBC094993A95B467691bE9fE9d94368eDE41C02,4,1
0xDED7cfB53CF1658e07432a3c4C8C0064D5bD626A,6,1
0xDEE5C8aDf7cbb66d887aff54ECEEf0D952272163,0,1
0xdeEA5c94D03de7e964A91C661116687e4710230E,1,1
0xDF14100B76a5b5fd46FbA22b7Ac124919CFfC92a,2,1
0xdF3e18e87a9BBF4Ff39f0561c057f88F738BFe62,3,1
0xdf631777df4DebcBcd647e85bdcB868b43663BA0,4,1
0xdFBfb9978768fCCB8759B481e590D3E803FB39d1,6,1
0xE04AE3fda841868A9D9210DB3a2F0EBd931aa0a8,0,1
0xe099D8AC97fcb3EB13a3FE080Ff3B5a8fF6B94Aa,1,1
0xE0AB1bFe72e6aCE5BDAEC5898d1bCc31d718D6Ee,2,1
0xe0CdA6A98BdDF22051B3A2295521a77BB6ebAeCd,3,1
0xE1288aD3e152fF8FE4DE6E724afb3A0474ACcd8A,4,1
0xE1658051B0a5D018930dAa118b602660C2ceE20C,6,1
0xe1690f5153aD0BBc683964aA81645C49b3cF6567,0,1
0xE19a76c6659E34F099441e84BffA638aD6a3Ab25,1,1
0xE1a1d5c32888c5b140917B296e82cf3A448F37A6,2,1
0xE1bdeCe32128CCb5cC51f3BE583f14AC72DF4b97,3,1
0xe1DfeC1c1213BAF331eb586468eBDF6b67F7c332,4,1
0xE1f987CB66D8F0Da79Cb0fE245500200bbFBA51E,6,1
0xE2207827E3b6B27E43C4809E3a69cD31A60326c8,0,1
0xE2557794A70332b55CC5eE2b655B2facf7c6218d,1,1
0xE27969a2f7EE8386C6E9A7188A425C41C2044C08,2,1
0xe2820804BA47D99D156cEB4f92F640370Fd4cF63,3,1
0xE29555e804e414E295E2A059Fc49d002EC18F268,4,1
0xe29808b2c22f2CFCBF50fd3c675aA6FF99D98Bdf,6,1
0xE2aC3CC39c215479dEdc246CD471c0eE358Eb1e3,0,1
0xE2C6a4a3A83399775BA104f16F94D2eAe905d409,1,1
0xE34a68Da41589b8620278b89019B59a15b0f7909,2,1
0xE35a2b246293886D64798eA6BBb3f1A70CCC4ADE,3,1
0xe3a2A53E6BC71Bc5Ec34313b5aa783F4733bC419,4,1
0xe416aFDe5d9665bFE4d1b38981DF7087bD78538F,6,1
0xE42a79b53F60176c019b1C32334864Cf14EB2693,0,1
0xe4464675B21C1e9f80B839a2BC4Ed7A3C586f86E,1,1
0xe4A4ce1517101324BC27bCC803F84Af6AFe3509b,2,1
0xE4E076Ec8C75AFea19A8AE686104D3a819Ce8bd5,3,1
0xe55Aa300E1223931C046d0e2E1b5ed3E5bC026B6,4,1
0xe5F6Dbc39334f3E79C149efB8C8c9c8dEc474aF1,6,1
0xe675a8b7A3Db36Cad52Bf0273f0E4d526Bd0564F,0,1
0xe675C88945e16002d243941dc0A3de500D44Df6B,1,1
0xe69C2f976bdF4Eb965f4807C03eedF810Fe7C97A,2,1
0xE6c3661461729e796508CEEa5957AAE9430F90B6,3,1
0xE74C13700d7FF7bba5eA59D01C8Ad55abB3755A0,4,1
0xE7841ad5Db7F6b9fa089Ac3100A9623C6aA3730F,6,1
0xe7cBB8D73E5ca000816910f100D60b5Fe33588f7,0,1
0xE7DaCfa93fEe4C6d383aFE7136BAf23C6957F098,1,1
0xE8222179Ebf7C93940B63928Fcfc31B1bD5C0BF5,2,1
0xE82C15D07ee5Bc5274cCfF897c91Eb2Ab1326d0D,3,1
0xE88632728Ed377f556cB964e6F670f6017d497e4,4,1
0xe913a5FE3FAA5F0fa0D420C87337c7CB99A0C6e5,6,1
0xe92Da269bbF46e3C5F194Dc65a1f59b09b793a10,0,1
0xe9E24df3EDF7e6dfB0595ff72112735D95F41cA8,1,1
0xEA651E5b72751F1D2E36255f5f59792C84Cd856f,2,1
0xea94C9a3Bcc2bf5a3c08e3de1Ccc64c6B6049710,3,1
0xeAE326EabC4bA98c196c9a8efEc46278f2818332,4,1
0xeb18350001A3F58F486dA90535865E58db6b22ca,6,1
0xeB2f58EAD6c3Fe98dF89042B89B60E78fcE564B1,0,1
0xEBd54fD116D961C3bb9FB0999C1223066Aabae6c,1,1
0xec01Aad4B5A556cBb9FBF19f2D9174bdd1719d3C,2,1
0xec561DD73346f761d1C09f46999bc8Ea1b1E95a2,3,1
0xEC5Ec3d8B478fD2D8Cf8D5EB773526ccE1A7b50A,4,1
0xeC5EEAcEE476e37bb164Ad0A5D62e29925e7EcA2,6,1
0xed46a40c088D11546Eb4811e565E88A03ae8a07c,0,1
0xED7D2286152B3aC0151b06e4f3dFBa37aCC5a634,1,1
0xEd89Ea70A367E41bb4FF1a0A185BF0C07deC69de,2,1
0xEdA29227543b2BC0d8e4A5220EF0a34868033A2d,3,1
0xedD22868069809F10Ced07Bf57d833488c3F6ED9,4,1
0xeE25366827a2d6648079f50afbf97cA1CEE60a4d,6,1
0xEE29a0F91Af276a09d1e2485DFd1c09F13762A71,0,1
0xEE433e76C6cA901D0612232e03b2681ee3B4d35D,1,1
0xEe63d9cA6EcaA334bA0C3311b3dbD5dE0132Ba4C,2,1
0xEec25Ab215aCaf0Ef87A87FC969DEdc1C21a30A3,3,1
0xEf0E7A8Fb3B6f4e025bDEA6F560F91dF6502dfDb,4,1
0xeF3869297B7c58B8ea56b024F39905ECEA52b45A,6,1
0xef6103de90208F3dfAce661EadB120Cf8075f9D2,0,1
0xef7732E7c7fb570A106950811289fE8393c26be3,1,1
0xeFD67615d66E3819539021d40E155e1a6107F283,2,1
0xF02e501Ea7b13b5aCc3F932C3273c7f54EC6bae8,3,1
0xf04C8f815878Eb09B8E4602Ffe780aAC818AE6b9,4,1
0xf0549d13B142B37F0663E6B52CE54BD312A2eDaa,6,1
0xF077a74FeB511968216d39626A6E658Ac1D440Ef,0,1
0xf09d1acbf092ec47970a2aa9e16bc658b2ecf15e,1,1
0xF0Bc763e0A6AF4784a36fa102220FF60eC651f9e,2,1
0xF1caf8cbceC5D193AEF9DEdf8CfD80b58F156146,3,1
0xF1D9e2ccfC4f189Bb177aC17f0D3cb24a54359bB,4,1
0xf1FCeD5B0475a935b49B95786aDBDA2d40794D2d,6,1
0xf200901C24Dc94eb99dE1f20A1B12c9Daf3F0cab,0,1
0xf21A9241bD7b6FcbB5372fB80d1CD74d4a885107,1,1
0xf288208d88AD8174EB6b4b53B80FF5df91dF2C76,2,1
0xf2B9ec5724dC97362A53907c0b4cc0AA72369e63,3,1
0xF2C33029A738eCcA8156696Fc3602F377E9CB971,4,1
0xF2c38389029DF15bAC7D81C9959b67787218202d,6,1
0xF2dD222f35D33d02a6d2BAbaBd0aB5550B297657,5,1
0xF37770C7b1b926fe9d2b46968ED82Af8D0cf6eFD,0,1
0xF3c536Dfa7D1D340F975FB273d2AeD41fA7BfF53,1,1
0xf3ecdd8727e8b9bb6efe1d6a3e83b3f6f1827dde,2,1
0xf47DeaAD96B95545D156D4035B9aB31Bf15d668D,3,1
0xf484dcd112000FD70C075677A84EEf410e5dE117,4,1
0xf49289dAeC02E159EBcdeef2694076CEF8934A90,6,1
0xf49AAb436Edf28E2555ff43AE87c20ef5b9a10D4,0,1
0xF4da0Debd80A8c42b34C872e466EB77cE1e95A22,1,1
0xF5b64d94e469E3BaABa8602131a81401CcF6B145,2,1
0xf5BB10B6D583cA2ca802bd062A99790B69054011,3,1
0xF5bd90D482928829548A6f3b95F5Adb70591E93e,4,1
0xF5f3AcFE5E2bFB1cB5435Fc073A1a642Afbb278E,6,1
0xf5Fe364D18F4a5A53BADCe9a046ba74cfC97f6Fb,0,1
0xf73b2CDe5ba94A2841b07E04aa33c954B351E765,1,1
0xf74C96fABd7D44729145299aFF7E8fD22a0C7214,2,1
0xf76256AD2Af65F41552f1776a582c4057d7a1270,3,1
0xf7AE4BbC05e079A0Eb2A0FD930f9a201F3615Fc4,4,1
0xF7B10D603907658F690Da534E9b7dbC4dAB3E2D6,6,1
0xF7B18e107eb36797f4cE36dE756630B9C30969ad,0,1
0xf7F6C6a6742AD7901007c4eea3B72eBe5Fe6112d,1,1
0xF7f83e73480afbc76754e52404A10c70ebb62Eb4,2,1
0xF7fD3d0E93a0E5Cf18A453565559b83e821A0CE5,3,1
0xF815a566E42b0D8ddD5D77f91409A7d9CeB10B92,4,1
0xF81D02a2797AfD51C71225B07076f87b29bCa025,6,1
0xF83C6F387B11Cc7d0487B9E644e26cf298275033,0,1
0xf8530CcA204442e56F8f55ea35Eb0fDF0b40eEc8,1,1
0xf8Aaa9bB4605F2fd43a220C8c33a2D9F559dC346,2,1
0xf8fe5582732cF91A70fDe5e121494Ce56aa20ED1,3,1
0xF923560Ef6d74d310534fb45aE2226a8Ea325b03,4,1
0xf937a09d904D2bE9636AaA72980ef77BCF9233e1,6,1
0xF93eeec60a8CF901F30Aa1849eB51Cfb67c3cF91,0,1
0xf9bb996D9964DB10cF7B1aAB53D3265E2ef212c0,1,1
0xFa1c9D758AF489A1055586dE4d5F42eC2db91522,2,1
0xFa3ce52c15f19F363833b2983340325000a4636c,3,1
0xFa67Fc2901dd343D3324Fc882FE7EB474354A6E2,4,1
0xfAb9a3D37999E12252b47468D2FFD4BE15936012,6,1
0xFaFf4170E628Aef5c5ce84C47eBDDB5A99517fe2,0,1
0xfb34d1acAE514e4e3473E26ee17AE035B7af4047,1,1
0xFb5C5CF7cA2d61325b5b22E8726636e7DC7e3cE8,2,1
0xFb5fD2ACa46F07abaf0797c3a578D3c117EeAf84,3,1
0xFbC174F692B57F33739df01050C097944b7424DE,4,1
0xFbf9F4DB8DB1386464AeF8D09bCCFc26979AFF46,6,1
0xfc13d83B99499a65f13231c64b8A355DFCEaDf5c,0,1
0xfc2EA617F5214fDb17caa576837CD044B93959b9,1,1
0xfCc0F66883aA585993a48fbB4B4C7D54766870ff,2,1
0xfcE34De84D16850Dc312905f664F8DCBcAE24Fb0,3,1
0xfD0a369F3a934d629b79E907bDf181b3B5FbF7d3,4,1
0xfD41bEf1Fd45D7db65fb8f4cD3804e4C8DAfF6b9,6,1
0xFd9E173edb21beF255D774c7B51314F92e9f31F9,0,1
0xfDBD4297eD9cF99201aD82E8ec6b8eF69226733e,1,1
0xFe32Cb2Bb7c4f1FCAd4F4F6Cfc2Fec7B50987d12,2,1
0xfe791B87F607AE6BE8449e64d393c91be46a1245,3,1
0xfe9572E3d46478F9048554C90886488e633E4838,4,1
0xfE95E7750a76Ad380a6173F2fc7649AEB23ba3bD,6,1
0xfEAc872A93DF8939Df3FacE650945fbF3EA705e9,0,1
0xfEB7DA1823D9375e285ebc9d4083250bd3847C36,1,1
0xff209b987D7C98448CE1A90492fFbda9718652f4,2,1
0xFf4ba6B29169F7d00c2BB0b523751159D9063866,3,1
0xfF56bEE3EF50A46DAeCB6fCA2a807a8d29536667,4,1
0xfFA1Dd62676dCFA85dAA469dbEAc8b270585ad19,6,1
0xfFea5a2cfAF1AaFbB87A1FE4eED5413DA45C30a0,0,1
0xC3c2e1Cf099Bc6e1fA94ce358562BCbD5cc59FE5,2,1